-- MySQL dump 10.13  Distrib 8.0.23, for Win64 (x86_64)
--
-- Host: localhost    Database: book_sc
-- ------------------------------------------------------
-- Server version	8.0.23

/*!40101 SET @OLD_CHARACTER_SET_CLIENT=@@CHARACTER_SET_CLIENT */;
/*!40101 SET @OLD_CHARACTER_SET_RESULTS=@@CHARACTER_SET_RESULTS */;
/*!40101 SET @OLD_COLLATION_CONNECTION=@@COLLATION_CONNECTION */;
/*!50503 SET NAMES utf8mb4 */;
/*!40103 SET @OLD_TIME_ZONE=@@TIME_ZONE */;
/*!40103 SET TIME_ZONE='+00:00' */;
/*!40014 SET @OLD_UNIQUE_CHECKS=@@UNIQUE_CHECKS, UNIQUE_CHECKS=0 */;
/*!40014 SET @OLD_FOREIGN_KEY_CHECKS=@@FOREIGN_KEY_CHECKS, FOREIGN_KEY_CHECKS=0 */;
/*!40101 SET @OLD_SQL_MODE=@@SQL_MODE, SQL_MODE='NO_AUTO_VALUE_ON_ZERO' */;
/*!40111 SET @OLD_SQL_NOTES=@@SQL_NOTES, SQL_NOTES=0 */;

--
-- Table structure for table `admin`
--

DROP TABLE IF EXISTS `admin`;
/*!40101 SET @saved_cs_client     = @@character_set_client */;
/*!50503 SET character_set_client = utf8mb4 */;
CREATE TABLE `admin` (
  `username` char(16) NOT NULL,
  `password` char(40) NOT NULL,
  PRIMARY KEY (`username`)
) ENGINE=InnoDB DEFAULT CHARSET=utf8mb4 COLLATE=utf8mb4_0900_ai_ci;
/*!40101 SET character_set_client = @saved_cs_client */;

--
-- Dumping data for table `admin`
--

LOCK TABLES `admin` WRITE;
/*!40000 ALTER TABLE `admin` DISABLE KEYS */;
INSERT INTO `admin` VALUES ('admin','d033e22ae348aeb5660fc2140aec35850c4da997');
/*!40000 ALTER TABLE `admin` ENABLE KEYS */;
UNLOCK TABLES;

--
-- Table structure for table `books`
--

DROP TABLE IF EXISTS `books`;
/*!40101 SET @saved_cs_client     = @@character_set_client */;
/*!50503 SET character_set_client = utf8mb4 */;
CREATE TABLE `books` (
  `isbn` char(13) NOT NULL,
  `author` char(80) DEFAULT NULL,
  `title` char(100) DEFAULT NULL,
  `catid` int unsigned DEFAULT NULL,
  `price` float(4,2) NOT NULL,
  `description` varchar(255) DEFAULT NULL,
  PRIMARY KEY (`isbn`)
) ENGINE=InnoDB DEFAULT CHARSET=utf8mb4 COLLATE=utf8mb4_0900_ai_ci;
/*!40101 SET character_set_client = @saved_cs_client */;

--
-- Dumping data for table `books`
--

LOCK TABLES `books` WRITE;
/*!40000 ALTER TABLE `books` DISABLE KEYS */;
INSERT INTO `books` VALUES ('0-672-31509-2','Pruitt, et al.','Teach Yourself GIMP in 24 Hours',5,27.49,' '),('0-672-31697-8','Michael Morgan','Java  for Professional Developers',1,38.49,' '),('0-672-31745-1','Thomas Down','Installing Debian GNU/Linux',2,27.49,' '),('0-672-31769-9','Thomas Schenk','Caldera OpenLinux System Administration Unleashed',2,54.99,' '),('8-761-78829-5','Thomas Uphill et al.','DevOps: Puppet, Docker, and Kubernetes learning Path',4,60.49,' ');
/*!40000 ALTER TABLE `books` ENABLE KEYS */;
UNLOCK TABLES;

--
-- Table structure for table `categories`
--

DROP TABLE IF EXISTS `categories`;
/*!40101 SET @saved_cs_client     = @@character_set_client */;
/*!50503 SET character_set_client = utf8mb4 */;
CREATE TABLE `categories` (
  `catid` int unsigned NOT NULL AUTO_INCREMENT,
  `catname` char(60) NOT NULL,
  PRIMARY KEY (`catid`)
) ENGINE=InnoDB AUTO_INCREMENT=6 DEFAULT CHARSET=utf8mb4 COLLATE=utf8mb4_0900_ai_ci;
/*!40101 SET character_set_client = @saved_cs_client */;

--
-- Dumping data for table `categories`
--

LOCK TABLES `categories` WRITE;
/*!40000 ALTER TABLE `categories` DISABLE KEYS */;
INSERT INTO `categories` VALUES (1,'Java Programming'),(2,'Linux'),(4,'DevOps'),(5,'Computer Graphics');
/*!40000 ALTER TABLE `categories` ENABLE KEYS */;
UNLOCK TABLES;

--
-- Table structure for table `customers`
--

DROP TABLE IF EXISTS `customers`;
/*!40101 SET @saved_cs_client     = @@character_set_client */;
/*!50503 SET character_set_client = utf8mb4 */;
CREATE TABLE `customers` (
  `customerid` int unsigned NOT NULL AUTO_INCREMENT,
  `name` char(60) NOT NULL,
  `address` char(80) NOT NULL,
  `city` char(30) NOT NULL,
  `state` char(20) DEFAULT NULL,
  `zip` char(10) DEFAULT NULL,
  `country` char(20) NOT NULL,
  PRIMARY KEY (`customerid`)
) ENGINE=InnoDB AUTO_INCREMENT=5 DEFAULT CHARSET=utf8mb4 COLLATE=utf8mb4_0900_ai_ci;
/*!40101 SET character_set_client = @saved_cs_client */;

--
-- Dumping data for table `customers`
--

LOCK TABLES `customers` WRITE;
/*!40000 ALTER TABLE `customers` DISABLE KEYS */;
INSERT INTO `customers` VALUES (1,'Julie Smith','25 Oak Street','Airport West','Ohio','32456','USA'),(2,'Alan Wong','1/47 Haines Avenue','Box Hill','Utah','12345','USA'),(3,'Michelle Arthur','357 North Road','Yarraville','Kansas','67890','USA'),(4,'Yevhen Vieskov','25 Gagarin street','Dnipro','Dnipro region','34521','Ukraine');
/*!40000 ALTER TABLE `customers` ENABLE KEYS */;
UNLOCK TABLES;

--
-- Table structure for table `order_items`
--

DROP TABLE IF EXISTS `order_items`;
/*!40101 SET @saved_cs_client     = @@character_set_client */;
/*!50503 SET character_set_client = utf8mb4 */;
CREATE TABLE `order_items` (
  `orderid` int unsigned NOT NULL,
  `isbn` char(13) NOT NULL,
  `item_price` float(4,2) NOT NULL,
  `quantity` tinyint unsigned NOT NULL,
  PRIMARY KEY (`orderid`,`isbn`)
) ENGINE=InnoDB DEFAULT CHARSET=utf8mb4 COLLATE=utf8mb4_0900_ai_ci;
/*!40101 SET character_set_client = @saved_cs_client */;

--
-- Dumping data for table `order_items`
--

LOCK TABLES `order_items` WRITE;
/*!40000 ALTER TABLE `order_items` DISABLE KEYS */;
INSERT INTO `order_items` VALUES (1,'0-672-31697-8',34.99,2),(2,'0-672-31769-9',49.99,1),(3,'0-672-31509-2',24.99,1),(3,'0-672-31769-9',49.99,1),(4,'0-672-31745-1',24.99,3),(5,'8-761-78829-5',54.99,3);
/*!40000 ALTER TABLE `order_items` ENABLE KEYS */;
UNLOCK TABLES;

--
-- Table structure for table `orders`
--

DROP TABLE IF EXISTS `orders`;
/*!40101 SET @saved_cs_client     = @@character_set_client */;
/*!50503 SET character_set_client = utf8mb4 */;
CREATE TABLE `orders` (
  `orderid` int unsigned NOT NULL AUTO_INCREMENT,
  `customerid` int unsigned NOT NULL,
  `amount` float(6,2) DEFAULT NULL,
  `date` date NOT NULL,
  `order_status` char(10) DEFAULT NULL,
  `ship_name` char(60) NOT NULL,
  `ship_address` char(80) NOT NULL,
  `ship_city` char(30) NOT NULL,
  `ship_state` char(20) DEFAULT NULL,
  `ship_zip` char(10) DEFAULT NULL,
  `ship_country` char(20) NOT NULL,
  PRIMARY KEY (`orderid`)
) ENGINE=InnoDB AUTO_INCREMENT=6 DEFAULT CHARSET=utf8mb4 COLLATE=utf8mb4_0900_ai_ci;
/*!40101 SET character_set_client = @saved_cs_client */;

--
-- Dumping data for table `orders`
--

LOCK TABLES `orders` WRITE;
/*!40000 ALTER TABLE `orders` DISABLE KEYS */;
INSERT INTO `orders` VALUES (1,3,69.98,'2021-03-02','ok','Michelle Arthur','357 North Road','Yarraville','Kansas','67890','USA'),(2,1,49.99,'2021-03-15','ok','Julie Smith','25 Oak Street','Airport West','Ohio','32456','USA'),(3,2,74.98,'2021-03-19','ok','Alan Wong','1/47 Haines Avenue','Box Hill','Utah','12345','USA'),(4,3,24.99,'2021-03-01','ok','Michelle Arthur','357 North Road','Yarraville','Kansas','67890','USA'),(5,4,54.99,'2021-03-02','ok','Yevhen Vieskov','25 Gagarin street','Dnipro','Dnipro region','34521','Ukraine');
/*!40000 ALTER TABLE `orders` ENABLE KEYS */;
UNLOCK TABLES;
/*!40103 SET TIME_ZONE=@OLD_TIME_ZONE */;

/*!40101 SET SQL_MODE=@OLD_SQL_MODE */;
/*!40014 SET FOREIGN_KEY_CHECKS=@OLD_FOREIGN_KEY_CHECKS */;
/*!40014 SET UNIQUE_CHECKS=@OLD_UNIQUE_CHECKS */;
/*!40101 SET CHARACTER_SET_CLIENT=@OLD_CHARACTER_SET_CLIENT */;
/*!40101 SET CHARACTER_SET_RESULTS=@OLD_CHARACTER_SET_RESULTS */;
/*!40101 SET COLLATION_CONNECTION=@OLD_COLLATION_CONNECTION */;
/*!40111 SET SQL_NOTES=@OLD_SQL_NOTES */;

-- Dump completed on 2021-03-28 20:43:02
